time (s),joint_1_s_position_rad,joint_2_l_position_rad,joint_3_u_position_rad,joint_4_r_position_rad,joint_5_b_position_rad,joint_6_t_position_rad,joint_1_s_velocity_rad_s,joint_2_l_velocity_rad_s,joint_3_u_velocity_rad_s,joint_4_r_velocity_rad_s,joint_5_b_velocity_rad_s,joint_6_t_velocity_rad_s,tool0_x_m,tool0_y_m,tool0_z_m,tool0_qx,tool0_qy,tool0_qz,tool0_qw
0.000000000,0.000000000,-0.000001966,-0.000035256,0.000000000,0.000045130,-0.000000001,0.000000000,0.000000000,0.000000000,0.000000000,0.000000000,0.000000000,0.460000653,0.000000000,0.714989629,0.707102595,-0.000000000,0.707110967,-0.000000000
0.151000000,0.000000000,-0.000001966,-0.000035256,0.000000000,0.000045130,-0.000000001,0.000000000,0.000000000,0.000000000,0.000000000,0.000000000,0.000000000,0.460000653,0.000000000,0.714989629,0.707102595,-0.000000000,0.707110967,-0.000000000
0.360000000,0.000000000,-0.000001966,-0.000035256,0.000000000,0.000045130,-0.000000001,0.000000000,0.000000000,0.000000000,0.000000000,0.000000000,0.000000000,0.460000653,0.000000000,0.714989629,0.707102595,-0.000000000,0.707110967,-0.000000000
0.580000000,0.000000000,-0.000001966,-0.000035256,0.000000000,0.000045130,-0.000000001,0.000000000,0.000000000,0.000000000,0.000000000,0.000000000,0.000000000,0.460000653,0.000000000,0.714989629,0.707102595,-0.000000000,0.707110967,-0.000000000
0.792000000,0.000000000,-0.000001966,-0.000035256,0.000000000,0.000045130,-0.000000001,0.000000000,0.000000000,0.000000000,0.000000000,0.000000000,0.000000000,0.460000653,0.000000000,0.714989629,0.707102595,-0.000000000,0.707110967,-0.000000000
0.851000000,0.000000000,-0.000001966,-0.000035256,0.000000000,0.000045130,-0.000000001,0.000000000,0.000000000,0.000000000,0.000000000,0.000000000,0.000000000,0.460000653,0.000000000,0.714989629,0.707102595,-0.000000000,0.707110967,-0.000000000
0.912000000,0.000000000,-0.000001966,-0.000035256,0.000000000,0.000045130,-0.000000001,0.000000000,0.000000000,0.000000000,0.000000000,0.000000000,0.000000000,0.460000653,0.000000000,0.714989629,0.707102595,-0.000000000,0.707110967,-0.000000000
1.692000000,0.000000000,-0.000001966,-0.000035256,0.000000000,0.000045130,-0.000000001,0.000000000,0.000000000,0.000000000,0.000000000,0.000000000,0.000000000,0.460000653,0.000000000,0.714989629,0.707102595,-0.000000000,0.707110967,-0.000000000
1.801000000,0.000000000,-0.000001966,-0.000035256,0.000000000,0.000045130,-0.000000001,0.000000000,0.000000000,0.000000000,0.000000000,0.000000000,0.000000000,0.460000653,0.000000000,0.714989629,0.707102595,-0.000000000,0.707110967,-0.000000000
2.611000000,0.000000000,-0.000001966,-0.000035256,0.000000000,0.000045130,-0.000000001,0.000000000,0.000000000,0.000000000,0.000000000,0.000000000,0.000000000,0.460000653,0.000000000,0.714989629,0.707102595,-0.000000000,0.707110967,-0.000000000
2.922000000,0.000000000,-0.000001593,-0.000028558,0.000000000,0.000036555,-0.000000001,-0.000000001,0.000017697,0.000317305,-0.000000000,-0.000406168,0.000000008,0.460000529,0.000000000,0.714991599,0.707103390,-0.000000000,0.707110172,-0.000000000
2.980000000,0.000000000,-0.000000846,-0.000015177,0.000000000,0.000019427,-0.000000000,-0.000000000,0.000009405,0.000168629,-0.000000000,-0.000215854,0.000000004,0.460000281,0.000000000,0.714995535,0.707104979,-0.000000000,0.707108583,-0.000000000
3.291000000,0.000000000,-0.000000032,-0.000000579,0.000000000,0.000000741,-0.000000000,-0.000000000,0.000000359,0.000006434,-0.000000000,-0.000008237,0.000000000,0.460000011,0.000000000,0.714999830,0.707106712,-0.000000000,0.707106850,-0.000000000
3.400000000,0.000000000,-0.000000010,-0.000000182,0.000000000,0.000000233,-0.000000000,-0.000000000,0.000000113,0.000002019,-0.000000000,-0.000002585,0.000000000,0.460000003,0.000000000,0.714999947,0.707106760,-0.000000000,0.707106803,-0.000000000
4.021000000,0.000000000,-0.000000000,-0.000000000,0.000000000,0.000000000,-0.000000000,-0.000000000,0.000000000,0.000000004,-0.000000000,-0.000000004,0.000000000,0.460000000,0.000000000,0.715000000,0.707106781,-0.000000000,0.707106781,-0.000000000
4.181000000,0.000000000,-0.000000000,-0.000000000,0.000000000,0.000000000,-0.000000000,0.000000000,0.000000000,0.000000000,0.000000000,0.000000000,0.000000000,0.460000000,0.000000000,0.715000000,0.707106781,-0.000000000,0.707106781,-0.000000000
4.680000000,0.000000000,-0.000000000,-0.000000000,0.000000000,0.000000000,-0.000000000,0.000000000,0.000000000,0.000000000,0.000000000,0.000000000,0.000000000,0.460000000,0.000000000,0.715000000,0.707106781,-0.000000000,0.707106781,-0.000000000
4.739000000,0.000000000,-0.000000000,-0.000000000,0.000000000,0.000000000,-0.000000000,0.000000000,0.000000000,0.000000000,0.000000000,0.000000000,0.000000000,0.460000000,0.000000000,0.715000000,0.707106781,-0.000000000,0.707106781,-0.000000000
4.900000000,0.000000000,-0.000000000,-0.000000000,0.000000000,0.000000000,-0.000000000,0.000000000,0.000000000,0.000000000,0.000000000,0.000000000,0.000000000,0.460000000,0.000000000,0.715000000,0.707106781,-0.000000000,0.707106781,-0.000000000
5.160000000,0.000000000,-0.000000000,-0.000000000,0.000000000,0.000000000,-0.000000000,0.000000000,0.000000000,0.000000000,0.000000000,0.000000000,0.000000000,0.460000000,0.000000000,0.715000000,0.707106781,-0.000000000,0.707106781,-0.000000000
5.801000000,0.000000000,-0.000000000,-0.000000000,0.000000000,0.000000000,-0.000000000,0.000000000,0.000000000,0.000000000,0.000000000,0.000000000,0.000000000,0.460000000,0.000000000,0.715000000,0.707106781,-0.000000000,0.707106781,-0.000000000
5.911000000,0.000000000,-0.000000000,-0.000000000,0.000000000,0.000000000,-0.000000000,0.000000000,0.000000000,0.000000000,0.000000000,0.000000000,0.000000000,0.460000000,0.000000000,0.715000000,0.707106781,-0.000000000,0.707106781,-0.000000000
6.020000000,0.000000000,-0.000000000,-0.000000000,0.000000000,0.000000000,-0.000000000,0.000000000,0.000000000,0.000000000,0.000000000,0.000000000,0.000000000,0.460000000,0.000000000,0.715000000,0.707106781,-0.000000000,0.707106781,-0.000000000
6.282000000,0.000000000,-0.000000000,-0.000000000,0.000000000,0.000000000,-0.000000000,0.000000000,0.000000000,0.000000000,0.000000000,0.000000000,0.000000000,0.460000000,0.000000000,0.715000000,0.707106781,-0.000000000,0.707106781,-0.000000000
6.340000000,0.000000000,-0.000000000,-0.000000000,0.000000000,0.000000000,-0.000000000,0.000000000,0.000000000,0.000000000,0.000000000,0.000000000,0.000000000,0.460000000,0.000000000,0.715000000,0.707106781,-0.000000000,0.707106781,-0.000000000
6.441000000,0.000000000,-0.000000000,-0.000000000,0.000000000,0.000000000,-0.000000000,0.000000000,0.000000000,0.000000000,0.000000000,0.000000000,0.000000000,0.460000000,0.000000000,0.715000000,0.707106781,-0.000000000,0.707106781,-0.000000000
6.710000000,0.000000000,-0.000000000,-0.000000000,0.000000000,0.000000000,-0.000000000,0.000000000,0.000000000,0.000000000,0.000000000,0.000000000,0.000000000,0.460000000,0.000000000,0.715000000,0.707106781,-0.000000000,0.707106781,-0.000000000
6.935000000,0.000000000,-0.000000000,-0.000000000,0.000000000,0.000000000,-0.000000000,0.000000000,0.000000000,0.000000000,0.000000000,0.000000000,0.000000000,0.460000000,0.000000000,0.715000000,0.707106781,-0.000000000,0.707106781,-0.000000000
6.991000000,0.000000000,-0.000000000,-0.000000000,0.000000000,0.000000000,-0.000000000,0.000000000,0.000000000,0.000000000,0.000000000,0.000000000,0.000000000,0.460000000,0.000000000,0.715000000,0.707106781,-0.000000000,0.707106781,-0.000000000
7.101000000,0.000000000,-0.000000000,-0.000000000,0.000000000,0.000000000,-0.000000000,0.000000000,0.000000000,0.000000000,0.000000000,0.000000000,0.000000000,0.460000000,0.000000000,0.715000000,0.707106781,-0.000000000,0.707106781,-0.000000000
7.161000000,0.000000000,-0.000000000,-0.000000000,0.000000000,0.000000000,-0.000000000,0.000000000,0.000000000,0.000000000,0.000000000,0.000000000,0.000000000,0.460000000,0.000000000,0.715000000,0.707106781,-0.000000000,0.707106781,-0.000000000
7.220000000,0.000000000,-0.000000000,-0.000000000,0.000000000,0.000000000,-0.000000000,0.000000000,0.000000000,0.000000000,0.000000000,0.000000000,0.000000000,0.460000000,0.000000000,0.715000000,0.707106781,-0.000000000,0.707106781,-0.000000000
7.372000000,0.000000000,-0.000000000,-0.000000000,0.000000000,0.000000000,-0.000000000,0.000000000,0.000000000,0.000000000,0.000000000,0.000000000,0.000000000,0.460000000,0.000000000,0.715000000,0.707106781,-0.000000000,0.707106781,-0.000000000
7.431000000,0.000000000,-0.000000000,-0.000000000,0.000000000,0.000000000,-0.000000000,0.000000000,0.000000000,0.000000000,0.000000000,0.000000000,0.000000000,0.460000000,0.000000000,0.715000000,0.707106781,-0.000000000,0.707106781,-0.000000000
7.698000000,0.000000000,-0.000000000,-0.000000000,0.000000000,0.000000000,-0.000000000,0.000000000,0.000000000,0.000000000,0.000000000,0.000000000,0.000000000,0.460000000,0.000000000,0.715000000,0.707106781,-0.000000000,0.707106781,-0.000000000
7.861000000,0.000000000,-0.000000000,-0.000000000,0.000000000,0.000000000,-0.000000000,0.000000000,0.000000000,0.000000000,0.000000000,0.000000000,0.000000000,0.460000000,0.000000000,0.715000000,0.707106781,-0.000000000,0.707106781,-0.000000000
8.020000000,0.000000000,-0.000000000,-0.000000000,0.000000000,0.000000000,-0.000000000,0.000000000,0.000000000,0.000000000,0.000000000,0.000000000,0.000000000,0.460000000,0.000000000,0.715000000,0.707106781,-0.000000000,0.707106781,-0.000000000
8.071000000,0.000000000,-0.000000000,-0.000000000,0.000000000,0.000000000,-0.000000000,0.000000000,0.000000000,0.000000000,0.000000000,0.000000000,0.000000000,0.460000000,0.000000000,0.715000000,0.707106781,-0.000000000,0.707106781,-0.000000000
8.121000000,0.000000000,-0.000000000,-0.000000000,0.000000000,0.000000000,-0.000000000,0.000000000,0.000000000,0.000000000,0.000000000,0.000000000,0.000000000,0.460000000,0.000000000,0.715000000,0.707106781,-0.000000000,0.707106781,-0.000000000
9.352000000,0.000000000,-0.000000000,-0.000000000,0.000000000,0.000000000,-0.000000000,0.000000000,0.000000000,0.000000000,0.000000000,0.000000000,0.000000000,0.460000000,0.000000000,0.715000000,0.707106781,-0.000000000,0.707106781,-0.000000000
9.411000000,0.000000000,-0.000000000,-0.000000000,0.000000000,0.000000000,-0.000000000,0.000000000,0.000000000,0.000000000,0.000000000,0.000000000,0.000000000,0.460000000,0.000000000,0.715000000,0.707106781,-0.000000000,0.707106781,-0.000000000
9.462000000,0.000000000,-0.000000000,-0.000000000,0.000000000,0.000000000,-0.000000000,0.000000000,0.000000000,0.000000000,0.000000000,0.000000000,0.000000000,0.460000000,0.000000000,0.715000000,0.707106781,-0.000000000,0.707106781,-0.000000000
9.520000000,0.000000000,-0.000000000,-0.000000000,0.000000000,0.000000000,-0.000000000,0.000000000,0.000000000,0.000000000,0.000000000,0.000000000,0.000000000,0.460000000,0.000000000,0.715000000,0.707106781,-0.000000000,0.707106781,-0.000000000
9.621000000,0.000000000,-0.000000000,-0.000000000,0.000000000,0.000000000,-0.000000000,0.000000000,0.000000000,0.000000000,0.000000000,0.000000000,0.000000000,0.460000000,0.000000000,0.715000000,0.707106781,-0.000000000,0.707106781,-0.000000000
9.741000000,0.000000000,-0.000000000,-0.000000000,0.000000000,0.000000000,-0.000000000,0.000000000,0.000000000,0.000000000,0.000000000,0.000000000,0.000000000,0.460000000,0.000000000,0.715000000,0.707106781,-0.000000000,0.707106781,-0.000000000
9.892000000,0.000000000,-0.000000000,-0.000000000,0.000000000,0.000000000,-0.000000000,0.000000000,0.000000000,0.000000000,0.000000000,0.000000000,0.000000000,0.460000000,0.000000000,0.715000000,0.707106781,-0.000000000,0.707106781,-0.000000000
10.002000000,0.000000000,-0.000000000,-0.000000000,0.000000000,0.000000000,-0.000000000,0.000000000,0.000000000,0.000000000,0.000000000,0.000000000,0.000000000,0.460000000,0.000000000,0.715000000,0.707106781,-0.000000000,0.707106781,-0.000000000
10.062000000,0.000000000,-0.000000000,-0.000000000,0.000000000,0.000000000,-0.000000000,0.000000000,0.000000000,0.000000000,0.000000000,0.000000000,0.000000000,0.460000000,0.000000000,0.715000000,0.707106781,-0.000000000,0.707106781,-0.000000000
10.231000000,0.000000000,-0.000000000,-0.000000000,0.000000000,0.000000000,-0.000000000,0.000000000,0.000000000,0.000000000,0.000000000,0.000000000,0.000000000,0.460000000,0.000000000,0.715000000,0.707106781,-0.000000000,0.707106781,-0.000000000
10.602000000,0.000000000,-0.000000000,-0.000000000,0.000000000,0.000000000,-0.000000000,0.000000000,0.000000000,0.000000000,0.000000000,0.000000000,0.000000000,0.460000000,0.000000000,0.715000000,0.707106781,-0.000000000,0.707106781,-0.000000000
10.652000000,0.000000000,-0.000000000,-0.000000000,0.000000000,0.000000000,-0.000000000,0.000000000,0.000000000,0.000000000,0.000000000,0.000000000,0.000000000,0.460000000,0.000000000,0.715000000,0.707106781,-0.000000000,0.707106781,-0.000000000
10.811000000,0.000000000,-0.000000000,-0.000000000,0.000000000,0.000000000,-0.000000000,0.000000000,0.000000000,0.000000000,0.000000000,0.000000000,0.000000000,0.460000000,0.000000000,0.715000000,0.707106781,-0.000000000,0.707106781,-0.000000000
11.032000000,0.000000000,-0.000000000,-0.000000000,0.000000000,0.000000000,-0.000000000,0.000000000,0.000000000,0.000000000,0.000000000,0.000000000,0.000000000,0.460000000,0.000000000,0.715000000,0.707106781,-0.000000000,0.707106781,-0.000000000
11.308000000,0.000000000,-0.000000000,-0.000000000,0.000000000,0.000000000,-0.000000000,0.000000000,0.000000000,0.000000000,0.000000000,0.000000000,0.000000000,0.460000000,0.000000000,0.715000000,0.707106781,-0.000000000,0.707106781,-0.000000000
12.061000000,0.000000000,-0.000000000,-0.000000000,0.000000000,0.000000000,-0.000000000,0.000000000,0.000000000,0.000000000,0.000000000,0.000000000,0.000000000,0.460000000,0.000000000,0.715000000,0.707106781,-0.000000000,0.707106781,-0.000000000
12.121000000,0.000000000,-0.000000000,-0.000000000,0.000000000,0.000000000,-0.000000000,0.000000000,0.000000000,0.000000000,0.000000000,0.000000000,0.000000000,0.460000000,0.000000000,0.715000000,0.707106781,-0.000000000,0.707106781,-0.000000000
12.282000000,0.000000000,-0.000000000,-0.000000000,0.000000000,0.000000000,-0.000000000,0.000000000,0.000000000,0.000000000,0.000000000,0.000000000,0.000000000,0.460000000,0.000000000,0.715000000,0.707106781,-0.000000000,0.707106781,-0.000000000
12.441000000,0.000000000,-0.000000000,-0.000000000,0.000000000,0.000000000,-0.000000000,0.000000000,0.000000000,0.000000000,0.000000000,0.000000000,0.000000000,0.460000000,0.000000000,0.715000000,0.707106781,-0.000000000,0.707106781,-0.000000000
12.650000000,0.000000000,-0.000000000,-0.000000000,0.000000000,0.000000000,-0.000000000,0.000000000,0.000000000,0.000000000,0.000000000,0.000000000,0.000000000,0.460000000,0.000000000,0.715000000,0.707106781,-0.000000000,0.707106781,-0.000000000
12.700000000,0.000000000,-0.000000000,-0.000000000,0.000000000,0.000000000,-0.000000000,0.000000000,0.000000000,0.000000000,0.000000000,0.000000000,0.000000000,0.460000000,0.000000000,0.715000000,0.707106781,-0.000000000,0.707106781,-0.000000000
12.801000000,0.000000000,-0.000000000,-0.000000000,0.000000000,0.000000000,-0.000000000,0.000000000,0.000000000,0.000000000,0.000000000,0.000000000,0.000000000,0.460000000,0.000000000,0.715000000,0.707106781,-0.000000000,0.707106781,-0.000000000
13.021000000,0.000000000,-0.000000000,-0.000000000,0.000000000,0.000000000,-0.000000000,0.000000000,0.000000000,0.000000000,0.000000000,0.000000000,0.000000000,0.460000000,0.000000000,0.715000000,0.707106781,-0.000000000,0.707106781,-0.000000000
13.771000000,0.000000000,-0.000000000,-0.000000000,0.000000000,0.000000000,-0.000000000,0.000000000,0.000000000,0.000000000,0.000000000,0.000000000,0.000000000,0.460000000,0.000000000,0.715000000,0.707106781,-0.000000000,0.707106781,-0.000000000
13.821000000,0.000000000,-0.000000000,-0.000000000,0.000000000,0.000000000,-0.000000000,0.000000000,0.000000000,0.000000000,0.000000000,0.000000000,0.000000000,0.460000000,0.000000000,0.715000000,0.707106781,-0.000000000,0.707106781,-0.000000000
14.131000000,0.000000000,-0.000000000,-0.000000000,0.000000000,0.000000000,-0.000000000,0.000000000,0.000000000,0.000000000,0.000000000,0.000000000,0.000000000,0.460000000,0.000000000,0.715000000,0.707106781,-0.000000000,0.707106781,-0.000000000
14.181000000,0.000000000,-0.000000000,-0.000000000,0.000000000,0.000000000,-0.000000000,0.000000000,0.000000000,0.000000000,0.000000000,0.000000000,0.000000000,0.460000000,0.000000000,0.715000000,0.707106781,-0.000000000,0.707106781,-0.000000000
14.451000000,0.000000000,-0.000000000,-0.000000000,0.000000000,0.000000000,-0.000000000,0.000000000,0.000000000,0.000000000,0.000000000,0.000000000,0.000000000,0.460000000,0.000000000,0.715000000,0.707106781,-0.000000000,0.707106781,-0.000000000
14.851000000,0.000000000,-0.000000000,-0.000000000,0.000000000,0.000000000,-0.000000000,0.000000000,0.000000000,0.000000000,0.000000000,0.000000000,0.000000000,0.460000000,0.000000000,0.715000000,0.707106781,-0.000000000,0.707106781,-0.000000000
15.062000000,0.000000000,-0.000000000,-0.000000000,0.000000000,0.000000000,-0.000000000,0.000000000,0.000000000,0.000000000,0.000000000,0.000000000,0.000000000,0.460000000,0.000000000,0.715000000,0.707106781,-0.000000000,0.707106781,-0.000000000
15.290000000,0.000000000,-0.000000000,-0.000000000,0.000000000,0.000000000,-0.000000000,0.000000000,0.000000000,0.000000000,0.000000000,0.000000000,0.000000000,0.460000000,0.000000000,0.715000000,0.707106781,-0.000000000,0.707106781,-0.000000000
15.341000000,0.000000000,-0.000000000,-0.000000000,0.000000000,0.000000000,-0.000000000,0.000000000,0.000000000,0.000000000,0.000000000,0.000000000,0.000000000,0.460000000,0.000000000,0.715000000,0.707106781,-0.000000000,0.707106781,-0.000000000
15.400000000,0.000000000,-0.000000000,-0.000000000,0.000000000,0.000000000,-0.000000000,0.000000000,0.000000000,0.000000000,0.000000000,0.000000000,0.000000000,0.460000000,0.000000000,0.715000000,0.707106781,-0.000000000,0.707106781,-0.000000000
15.711000000,0.000000000,-0.000000000,-0.000000000,0.000000000,0.000000000,-0.000000000,0.000000000,0.000000000,0.000000000,0.000000000,0.000000000,0.000000000,0.460000000,0.000000000,0.715000000,0.707106781,-0.000000000,0.707106781,-0.000000000
15.720000000,0.000000000,-0.000000000,-0.000000000,0.000000000,0.000000000,-0.000000000,0.000000000,0.000000000,0.000000000,0.000000000,0.000000000,0.000000000,0.460000000,0.000000000,0.715000000,0.707106781,-0.000000000,0.707106781,-0.000000000
15.731000000,0.000000000,-0.000000000,-0.000000000,0.000000000,0.000000000,-0.000000000,0.000000000,0.000000000,0.000000000,0.000000000,0.000000000,0.000000000,0.460000000,0.000000000,0.715000000,0.707106781,-0.000000000,0.707106781,-0.000000000
16.331000000,0.000000000,-0.000000000,-0.000000000,0.000000000,0.000000000,-0.000000000,0.000000000,0.000000000,0.000000000,0.000000000,0.000000000,0.000000000,0.460000000,0.000000000,0.715000000,0.707106781,-0.000000000,0.707106781,-0.000000000
16.431000000,0.000000000,-0.000000000,-0.000000000,0.000000000,0.000000000,-0.000000000,0.000000000,0.000000000,0.000000000,0.000000000,0.000000000,0.000000000,0.460000000,0.000000000,0.715000000,0.707106781,-0.000000000,0.707106781,-0.000000000
16.541000000,0.000000000,-0.000000000,-0.000000000,0.000000000,0.000000000,-0.000000000,0.000000000,0.000000000,0.000000000,0.000000000,0.000000000,0.000000000,0.460000000,0.000000000,0.715000000,0.707106781,-0.000000000,0.707106781,-0.000000000
16.721000000,0.000000000,-0.000000000,-0.000000000,0.000000000,0.000000000,-0.000000000,0.000000000,0.000000000,0.000000000,0.000000000,0.000000000,0.000000000,0.460000000,0.000000000,0.715000000,0.707106781,-0.000000000,0.707106781,-0.000000000
16.771000000,0.000000000,-0.000000000,-0.000000000,0.000000000,0.000000000,-0.000000000,0.000000000,0.000000000,0.000000000,0.000000000,0.000000000,0.000000000,0.460000000,0.000000000,0.715000000,0.707106781,-0.000000000,0.707106781,-0.000000000
17.099000000,0.000000000,-0.000000000,-0.000000000,0.000000000,0.000000000,-0.000000000,0.000000000,0.000000000,0.000000000,0.000000000,0.000000000,0.000000000,0.460000000,0.000000000,0.715000000,0.707106781,-0.000000000,0.707106781,-0.000000000
17.261000000,0.000000000,-0.000000000,-0.000000000,0.000000000,0.000000000,-0.000000000,0.000000000,0.000000000,0.000000000,0.000000000,0.000000000,0.000000000,0.460000000,0.000000000,0.715000000,0.707106781,-0.000000000,0.707106781,-0.000000000
17.690000000,0.000000000,-0.000000000,-0.000000000,0.000000000,0.000000000,-0.000000000,0.000000000,0.000000000,0.000000000,0.000000000,0.000000000,0.000000000,0.460000000,0.000000000,0.715000000,0.707106781,-0.000000000,0.707106781,-0.000000000
17.790000000,0.000000000,-0.000000000,-0.000000000,0.000000000,0.000000000,-0.000000000,0.000000000,0.000000000,0.000000000,0.000000000,0.000000000,0.000000000,0.460000000,0.000000000,0.715000000,0.707106781,-0.000000000,0.707106781,-0.000000000
18.051000000,0.000000000,-0.000000000,-0.000000000,0.000000000,0.000000000,-0.000000000,0.000000000,0.000000000,0.000000000,0.000000000,0.000000000,0.000000000,0.460000000,0.000000000,0.715000000,0.707106781,-0.000000000,0.707106781,-0.000000000
18.542000000,0.000000000,-0.000000000,-0.000000000,0.000000000,0.000000000,-0.000000000,0.000000000,0.000000000,0.000000000,0.000000000,0.000000000,0.000000000,0.460000000,0.000000000,0.715000000,0.707106781,-0.000000000,0.707106781,-0.000000000
18.712000000,0.000000000,-0.000000000,-0.000000000,0.000000000,0.000000000,-0.000000000,0.000000000,0.000000000,0.000000000,0.000000000,0.000000000,0.000000000,0.460000000,0.000000000,0.715000000,0.707106781,-0.000000000,0.707106781,-0.000000000
18.832000000,0.000000000,-0.000000000,-0.000000000,0.000000000,0.000000000,-0.000000000,0.000000000,0.000000000,0.000000000,0.000000000,0.000000000,0.000000000,0.460000000,0.000000000,0.715000000,0.707106781,-0.000000000,0.707106781,-0.000000000
18.991000000,0.000000000,-0.000000000,-0.000000000,0.000000000,0.000000000,-0.000000000,0.000000000,0.000000000,0.000000000,0.000000000,0.000000000,0.000000000,0.460000000,0.000000000,0.715000000,0.707106781,-0.000000000,0.707106781,-0.000000000
19.292000000,0.000000000,-0.000000000,-0.000000000,0.000000000,0.000000000,-0.000000000,0.000000000,0.000000000,0.000000000,0.000000000,0.000000000,0.000000000,0.460000000,0.000000000,0.715000000,0.707106781,-0.000000000,0.707106781,-0.000000000
19.462000000,0.000000000,-0.000000000,-0.000000000,0.000000000,0.000000000,-0.000000000,0.000000000,0.000000000,0.000000000,0.000000000,0.000000000,0.000000000,0.460000000,0.000000000,0.715000000,0.707106781,-0.000000000,0.707106781,-0.000000000
19.901000000,0.000000000,-0.000000000,-0.000000000,0.000000000,0.000000000,-0.000000000,0.000000000,0.000000000,0.000000000,0.000000000,0.000000000,0.000000000,0.460000000,0.000000000,0.715000000,0.707106781,-0.000000000,0.707106781,-0.000000000
19.921000000,0.000000000,-0.000000000,-0.000000000,0.000000000,0.000000000,-0.000000000,0.000000000,0.000000000,0.000000000,0.000000000,0.000000000,0.000000000,0.460000000,0.000000000,0.715000000,0.707106781,-0.000000000,0.707106781,-0.000000000
19.931000000,0.000000000,-0.000000000,-0.000000000,0.000000000,0.000000000,-0.000000000,0.000000000,0.000000000,0.000000000,0.000000000,0.000000000,0.000000000,0.460000000,0.000000000,0.715000000,0.707106781,-0.000000000,0.707106781,-0.000000000
19.940000000,0.000000000,-0.000000000,-0.000000000,0.000000000,0.000000000,-0.000000000,0.000000000,0.000000000,0.000000000,0.000000000,0.000000000,0.000000000,0.460000000,0.000000000,0.715000000,0.707106781,-0.000000000,0.707106781,-0.000000000
19.951000000,0.000000000,-0.000000000,-0.000000000,0.000000000,0.000000000,-0.000000000,0.000000000,0.000000000,0.000000000,0.000000000,0.000000000,0.000000000,0.460000000,0.000000000,0.715000000,0.707106781,-0.000000000,0.707106781,-0.000000000
20.010000000,0.000000000,-0.000000000,-0.000000000,0.000000000,0.000000000,-0.000000000,0.000000000,0.000000000,0.000000000,0.000000000,0.000000000,0.000000000,0.460000000,0.000000000,0.715000000,0.707106781,-0.000000000,0.707106781,-0.000000000
20.060000000,0.000000000,-0.000000000,-0.000000000,0.000000000,0.000000000,-0.000000000,0.000000000,0.000000000,0.000000000,0.000000000,0.000000000,0.000000000,0.460000000,0.000000000,0.715000000,0.707106781,-0.000000000,0.707106781,-0.000000000
20.110000000,0.000000000,-0.000000000,-0.000000000,0.000000000,0.000000000,-0.000000000,0.000000000,0.000000000,0.000000000,0.000000000,0.000000000,0.000000000,0.460000000,0.000000000,0.715000000,0.707106781,-0.000000000,0.707106781,-0.000000000
20.211000000,0.000000000,-0.000000000,-0.000000000,0.000000000,0.000000000,-0.000000000,0.000000000,0.000000000,0.000000000,0.000000000,0.000000000,0.000000000,0.460000000,0.000000000,0.715000000,0.707106781,-0.000000000,0.707106781,-0.000000000
20.269000000,0.000000000,-0.000000000,-0.000000000,0.000000000,0.000000000,-0.000000000,0.000000000,0.000000000,0.000000000,0.000000000,0.000000000,0.000000000,0.460000000,0.000000000,0.715000000,0.707106781,-0.000000000,0.707106781,-0.000000000
20.371000000,0.000000000,-0.000000000,-0.000000000,0.000000000,0.000000000,-0.000000000,0.000000000,0.000000000,0.000000000,0.000000000,0.000000000,0.000000000,0.460000000,0.000000000,0.715000000,0.707106781,-0.000000000,0.707106781,-0.000000000
20.481000000,0.000000000,-0.000000000,-0.000000000,0.000000000,0.000000000,-0.000000000,0.000000000,0.000000000,0.000000000,0.000000000,0.000000000,0.000000000,0.460000000,0.000000000,0.715000000,0.707106781,-0.000000000,0.707106781,-0.000000000
20.591000000,0.000000000,-0.000000000,-0.000000000,0.000000000,0.000000000,-0.000000000,0.000000000,0.000000000,0.000000000,0.000000000,0.000000000,0.000000000,0.460000000,0.000000000,0.715000000,0.707106781,-0.000000000,0.707106781,-0.000000000
20.801000000,0.000000000,-0.000000000,-0.000000000,0.000000000,0.000000000,-0.000000000,0.000000000,0.000000000,0.000000000,0.000000000,0.000000000,0.000000000,0.460000000,0.000000000,0.715000000,0.707106781,-0.000000000,0.707106781,-0.000000000
21.122000000,0.000000000,-0.000000000,-0.000000000,0.000000000,0.000000000,-0.000000000,0.000000000,0.000000000,0.000000000,0.000000000,0.000000000,0.000000000,0.460000000,0.000000000,0.715000000,0.707106781,-0.000000000,0.707106781,-0.000000000
21.550000000,0.000000000,-0.000000000,-0.000000000,0.000000000,0.000000000,-0.000000000,0.000000000,0.000000000,0.000000000,0.000000000,0.000000000,0.000000000,0.460000000,0.000000000,0.715000000,0.707106781,-0.000000000,0.707106781,-0.000000000
21.662000000,0.000000000,-0.000000000,-0.000000000,0.000000000,0.000000000,-0.000000000,0.000000000,0.000000000,0.000000000,0.000000000,0.000000000,0.000000000,0.460000000,0.000000000,0.715000000,0.707106781,-0.000000000,0.707106781,-0.000000000
22.092000000,0.000000000,-0.000000000,-0.000000000,0.000000000,0.000000000,-0.000000000,0.000000000,0.000000000,0.000000000,0.000000000,0.000000000,0.000000000,0.460000000,0.000000000,0.715000000,0.707106781,-0.000000000,0.707106781,-0.000000000
22.479000000,0.000000000,-0.000000000,-0.000000000,0.000000000,0.000000000,-0.000000000,0.000000000,0.000000000,0.000000000,0.000000000,0.000000000,0.000000000,0.460000000,0.000000000,0.715000000,0.707106781,-0.000000000,0.707106781,-0.000000000
22.532000000,0.000000000,-0.000000000,-0.000000000,0.000000000,0.000000000,-0.000000000,0.000000000,0.000000000,0.000000000,0.000000000,0.000000000,0.000000000,0.460000000,0.000000000,0.715000000,0.707106781,-0.000000000,0.707106781,-0.000000000
22.642000000,0.000000000,-0.000000000,-0.000000000,0.000000000,0.000000000,-0.000000000,0.000000000,0.000000000,0.000000000,0.000000000,0.000000000,0.000000000,0.460000000,0.000000000,0.715000000,0.707106781,-0.000000000,0.707106781,-0.000000000
22.761000000,0.000000000,-0.000000000,-0.000000000,0.000000000,0.000000000,-0.000000000,0.000000000,0.000000000,0.000000000,0.000000000,0.000000000,0.000000000,0.460000000,0.000000000,0.715000000,0.707106781,-0.000000000,0.707106781,-0.000000000
22.911000000,0.000000000,-0.000000000,-0.000000000,0.000000000,0.000000000,-0.000000000,0.000000000,0.000000000,0.000000000,0.000000000,0.000000000,0.000000000,0.460000000,0.000000000,0.715000000,0.707106781,-0.000000000,0.707106781,-0.000000000
23.131000000,0.000000000,-0.000000000,-0.000000000,0.000000000,0.000000000,-0.000000000,0.000000000,0.000000000,0.000000000,0.000000000,0.000000000,0.000000000,0.460000000,0.000000000,0.715000000,0.707106781,-0.000000000,0.707106781,-0.000000000
23.181000000,0.000000000,-0.000000000,-0.000000000,0.000000000,0.000000000,-0.000000000,0.000000000,0.000000000,0.000000000,0.000000000,0.000000000,0.000000000,0.460000000,0.000000000,0.715000000,0.707106781,-0.000000000,0.707106781,-0.000000000
23.232000000,0.000000000,-0.000000000,-0.000000000,0.000000000,0.000000000,-0.000000000,0.000000000,0.000000000,0.000000000,0.000000000,0.000000000,0.000000000,0.460000000,0.000000000,0.715000000,0.707106781,-0.000000000,0.707106781,-0.000000000
23.862000000,0.000000000,-0.000000000,-0.000000000,0.000000000,0.000000000,-0.000000000,0.000000000,0.000000000,0.000000000,0.000000000,0.000000000,0.000000000,0.460000000,0.000000000,0.715000000,0.707106781,-0.000000000,0.707106781,-0.000000000
24.101000000,0.000000000,-0.000000000,-0.000000000,0.000000000,0.000000000,-0.000000000,0.000000000,0.000000000,0.000000000,0.000000000,0.000000000,0.000000000,0.460000000,0.000000000,0.715000000,0.707106781,-0.000000000,0.707106781,-0.000000000
24.160000000,0.000000000,-0.000000000,-0.000000000,0.000000000,0.000000000,-0.000000000,0.000000000,0.000000000,0.000000000,0.000000000,0.000000000,0.000000000,0.460000000,0.000000000,0.715000000,0.707106781,-0.000000000,0.707106781,-0.000000000
24.481000000,0.000000000,-0.000000000,-0.000000000,0.000000000,0.000000000,-0.000000000,0.000000000,0.000000000,0.000000000,0.000000000,0.000000000,0.000000000,0.460000000,0.000000000,0.715000000,0.707106781,-0.000000000,0.707106781,-0.000000000
24.642000000,0.000000000,-0.000000000,-0.000000000,0.000000000,0.000000000,-0.000000000,0.000000000,0.000000000,0.000000000,0.000000000,0.000000000,0.000000000,0.460000000,0.000000000,0.715000000,0.707106781,-0.000000000,0.707106781,-0.000000000
24.861000000,0.000000000,-0.000000000,-0.000000000,0.000000000,0.000000000,-0.000000000,0.000000000,0.000000000,0.000000000,0.000000000,0.000000000,0.000000000,0.460000000,0.000000000,0.715000000,0.707106781,-0.000000000,0.707106781,-0.000000000
25.252000000,0.000000000,-0.000000000,-0.000000000,0.000000000,0.000000000,-0.000000000,0.000000000,0.000000000,0.000000000,0.000000000,0.000000000,0.000000000,0.460000000,0.000000000,0.715000000,0.707106781,-0.000000000,0.707106781,-0.000000000
25.362000000,0.000000000,-0.000000000,-0.000000000,0.000000000,0.000000000,-0.000000000,0.000000000,0.000000000,0.000000000,0.000000000,0.000000000,0.000000000,0.460000000,0.000000000,0.715000000,0.707106781,-0.000000000,0.707106781,-0.000000000
25.529000000,0.000000000,-0.000000000,-0.000000000,0.000000000,0.000000000,-0.000000000,0.000000000,0.000000000,0.000000000,0.000000000,0.000000000,0.000000000,0.460000000,0.000000000,0.715000000,0.707106781,-0.000000000,0.707106781,-0.000000000
25.631000000,0.000000000,-0.000000000,-0.000000000,0.000000000,0.000000000,-0.000000000,0.000000000,0.000000000,0.000000000,0.000000000,0.000000000,0.000000000,0.460000000,0.000000000,0.715000000,0.707106781,-0.000000000,0.707106781,-0.000000000
25.851000000,0.000000000,-0.000000000,-0.000000000,0.000000000,0.000000000,-0.000000000,0.000000000,0.000000000,0.000000000,0.000000000,0.000000000,0.000000000,0.460000000,0.000000000,0.715000000,0.707106781,-0.000000000,0.707106781,-0.000000000
25.961000000,0.000000000,-0.000000000,-0.000000000,0.000000000,0.000000000,-0.000000000,0.000000000,0.000000000,0.000000000,0.000000000,0.000000000,0.000000000,0.460000000,0.000000000,0.715000000,0.707106781,-0.000000000,0.707106781,-0.000000000
26.020000000,0.000000000,-0.000000000,-0.000000000,0.000000000,0.000000000,-0.000000000,0.000000000,0.000000000,0.000000000,0.000000000,0.000000000,0.000000000,0.460000000,0.000000000,0.715000000,0.707106781,-0.000000000,0.707106781,-0.000000000
26.291000000,0.000000000,-0.000000000,-0.000000000,0.000000000,0.000000000,-0.000000000,0.000000000,0.000000000,0.000000000,0.000000000,0.000000000,0.000000000,0.460000000,0.000000000,0.715000000,0.707106781,-0.000000000,0.707106781,-0.000000000
26.351000000,0.000000000,-0.000000000,-0.000000000,0.000000000,0.000000000,-0.000000000,0.000000000,0.000000000,0.000000000,0.000000000,0.000000000,0.000000000,0.460000000,0.000000000,0.715000000,0.707106781,-0.000000000,0.707106781,-0.000000000
26.391000000,0.000000000,-0.000000000,-0.000000000,0.000000000,0.000000000,-0.000000000,0.000000000,0.000000000,0.000000000,0.000000000,0.000000000,0.000000000,0.460000000,0.000000000,0.715000000,0.707106781,-0.000000000,0.707106781,-0.000000000
26.401000000,0.000000000,-0.000000000,-0.000000000,0.000000000,0.000000000,-0.000000000,0.000000000,0.000000000,0.000000000,0.000000000,0.000000000,0.000000000,0.460000000,0.000000000,0.715000000,0.707106781,-0.000000000,0.707106781,-0.000000000
26.471000000,0.000000000,-0.000000000,-0.000000000,0.000000000,0.000000000,-0.000000000,0.000000000,0.000000000,0.000000000,0.000000000,0.000000000,0.000000000,0.460000000,0.000000000,0.715000000,0.707106781,-0.000000000,0.707106781,-0.000000000
26.731000000,0.000000000,-0.000000000,-0.000000000,0.000000000,0.000000000,-0.000000000,0.000000000,0.000000000,0.000000000,0.000000000,0.000000000,0.000000000,0.460000000,0.000000000,0.715000000,0.707106781,-0.000000000,0.707106781,-0.000000000
26.950000000,0.000000000,-0.000000000,-0.000000000,0.000000000,0.000000000,-0.000000000,0.000000000,0.000000000,0.000000000,0.000000000,0.000000000,0.000000000,0.460000000,0.000000000,0.715000000,0.707106781,-0.000000000,0.707106781,-0.000000000
27.101000000,0.000000000,-0.000000000,-0.000000000,0.000000000,0.000000000,-0.000000000,0.000000000,0.000000000,0.000000000,0.000000000,0.000000000,0.000000000,0.460000000,0.000000000,0.715000000,0.707106781,-0.000000000,0.707106781,-0.000000000
27.271000000,0.000000000,-0.000000000,-0.000000000,0.000000000,0.000000000,-0.000000000,0.000000000,0.000000000,0.000000000,0.000000000,0.000000000,0.000000000,0.460000000,0.000000000,0.715000000,0.707106781,-0.000000000,0.707106781,-0.000000000
27.421000000,0.000000000,-0.000000000,-0.000000000,0.000000000,0.000000000,-0.000000000,0.000000000,0.000000000,0.000000000,0.000000000,0.000000000,0.000000000,0.460000000,0.000000000,0.715000000,0.707106781,-0.000000000,0.707106781,-0.000000000
27.751000000,0.000000000,-0.000000000,-0.000000000,0.000000000,0.000000000,-0.000000000,0.000000000,0.000000000,0.000000000,0.000000000,0.000000000,0.000000000,0.460000000,0.000000000,0.715000000,0.707106781,-0.000000000,0.707106781,-0.000000000
27.861000000,0.000000000,-0.000000000,-0.000000000,0.000000000,0.000000000,-0.000000000,0.000000000,0.000000000,0.000000000,0.000000000,0.000000000,0.000000000,0.460000000,0.000000000,0.715000000,0.707106781,-0.000000000,0.707106781,-0.000000000
28.031000000,0.000000000,-0.000000000,-0.000000000,0.000000000,0.000000000,-0.000000000,0.000000000,0.000000000,0.000000000,0.000000000,0.000000000,0.000000000,0.460000000,0.000000000,0.715000000,0.707106781,-0.000000000,0.707106781,-0.000000000
28.291000000,0.000000000,-0.000000000,-0.000000000,0.000000000,0.000000000,-0.000000000,0.000000000,0.000000000,0.000000000,0.000000000,0.000000000,0.000000000,0.460000000,0.000000000,0.715000000,0.707106781,-0.000000000,0.707106781,-0.000000000
28.762000000,0.000000000,-0.000000000,-0.000000000,0.000000000,0.000000000,-0.000000000,0.000000000,0.000000000,0.000000000,0.000000000,0.000000000,0.000000000,0.460000000,0.000000000,0.715000000,0.707106781,-0.000000000,0.707106781,-0.000000000
29.041000000,0.000000000,-0.000000000,-0.000000000,0.000000000,0.000000000,-0.000000000,0.000000000,0.000000000,0.000000000,0.000000000,0.000000000,0.000000000,0.460000000,0.000000000,0.715000000,0.707106781,-0.000000000,0.707106781,-0.000000000
29.150000000,0.000000000,-0.000000000,-0.000000000,0.000000000,0.000000000,-0.000000000,0.000000000,0.000000000,0.000000000,0.000000000,0.000000000,0.000000000,0.460000000,0.000000000,0.715000000,0.707106781,-0.000000000,0.707106781,-0.000000000
29.321000000,0.000000000,-0.000000000,-0.000000000,0.000000000,0.000000000,-0.000000000,0.000000000,0.000000000,0.000000000,0.000000000,0.000000000,0.000000000,0.460000000,0.000000000,0.715000000,0.707106781,-0.000000000,0.707106781,-0.000000000
29.481000000,0.000000000,-0.000000000,-0.000000000,0.000000000,0.000000000,-0.000000000,0.000000000,0.000000000,0.000000000,0.000000000,0.000000000,0.000000000,0.460000000,0.000000000,0.715000000,0.707106781,-0.000000000,0.707106781,-0.000000000
29.591000000,0.000000000,-0.000000000,-0.000000000,0.000000000,0.000000000,-0.000000000,0.000000000,0.000000000,0.000000000,0.000000000,0.000000000,0.000000000,0.460000000,0.000000000,0.715000000,0.707106781,-0.000000000,0.707106781,-0.000000000
29.691000000,0.000000000,-0.000000000,-0.000000000,0.000000000,0.000000000,-0.000000000,0.000000000,0.000000000,0.000000000,0.000000000,0.000000000,0.000000000,0.460000000,0.000000000,0.715000000,0.707106781,-0.000000000,0.707106781,-0.000000000
29.847000000,0.000000000,-0.000000000,-0.000000000,0.000000000,0.000000000,-0.000000000,0.000000000,0.000000000,0.000000000,0.000000000,0.000000000,0.000000000,0.460000000,0.000000000,0.715000000,0.707106781,-0.000000000,0.707106781,-0.000000000
29.961000000,0.000000000,-0.000000000,-0.000000000,0.000000000,0.000000000,-0.000000000,0.000000000,0.000000000,0.000000000,0.000000000,0.000000000,0.000000000,0.460000000,0.000000000,0.715000000,0.707106781,-0.000000000,0.707106781,-0.000000000
30.011000000,0.000000000,-0.000000000,-0.000000000,0.000000000,0.000000000,-0.000000000,0.000000000,0.000000000,0.000000000,0.000000000,0.000000000,0.000000000,0.460000000,0.000000000,0.715000000,0.707106781,-0.000000000,0.707106781,-0.000000000
30.112000000,0.000000000,-0.000000000,-0.000000000,0.000000000,0.000000000,-0.000000000,0.000000000,0.000000000,0.000000000,0.000000000,0.000000000,0.000000000,0.460000000,0.000000000,0.715000000,0.707106781,-0.000000000,0.707106781,-0.000000000
30.171000000,0.000000000,-0.000000000,-0.000000000,0.000000000,0.000000000,-0.000000000,0.000000000,0.000000000,0.000000000,0.000000000,0.000000000,0.000000000,0.460000000,0.000000000,0.715000000,0.707106781,-0.000000000,0.707106781,-0.000000000
30.231000000,0.000000000,-0.000000000,-0.000000000,0.000000000,0.000000000,-0.000000000,0.000000000,0.000000000,0.000000000,0.000000000,0.000000000,0.000000000,0.460000000,0.000000000,0.715000000,0.707106781,-0.000000000,0.707106781,-0.000000000
30.281000000,0.000000000,-0.000000000,-0.000000000,0.000000000,0.000000000,-0.000000000,0.000000000,0.000000000,0.000000000,0.000000000,0.000000000,0.000000000,0.460000000,0.000000000,0.715000000,0.707106781,-0.000000000,0.707106781,-0.000000000
30.541000000,0.000000000,-0.000000000,-0.000000000,0.000000000,0.000000000,-0.000000000,0.000000000,0.000000000,0.000000000,0.000000000,0.000000000,0.000000000,0.460000000,0.000000000,0.715000000,0.707106781,-0.000000000,0.707106781,-0.000000000
30.649000000,0.000000000,-0.000000000,-0.000000000,0.000000000,0.000000000,-0.000000000,0.000000000,0.000000000,0.000000000,0.000000000,0.000000000,0.000000000,0.460000000,0.000000000,0.715000000,0.707106781,-0.000000000,0.707106781,-0.000000000
30.861000000,0.000000000,-0.000000000,-0.000000000,0.000000000,0.000000000,-0.000000000,0.000000000,0.000000000,0.000000000,0.000000000,0.000000000,0.000000000,0.460000000,0.000000000,0.715000000,0.707106781,-0.000000000,0.707106781,-0.000000000
31.081000000,0.000000000,-0.000000000,-0.000000000,0.000000000,0.000000000,-0.000000000,0.000000000,0.000000000,0.000000000,0.000000000,0.000000000,0.000000000,0.460000000,0.000000000,0.715000000,0.707106781,-0.000000000,0.707106781,-0.000000000
31.182000000,0.000000000,-0.000000000,-0.000000000,0.000000000,0.000000000,-0.000000000,0.000000000,0.000000000,0.000000000,0.000000000,0.000000000,0.000000000,0.460000000,0.000000000,0.715000000,0.707106781,-0.000000000,0.707106781,-0.000000000
31.232000000,0.000000000,-0.000000000,-0.000000000,0.000000000,0.000000000,-0.000000000,0.000000000,0.000000000,0.000000000,0.000000000,0.000000000,0.000000000,0.460000000,0.000000000,0.715000000,0.707106781,-0.000000000,0.707106781,-0.000000000
31.340000000,0.000000000,-0.000000000,-0.000000000,0.000000000,0.000000000,-0.000000000,0.000000000,0.000000000,0.000000000,0.000000000,0.000000000,0.000000000,0.460000000,0.000000000,0.715000000,0.707106781,-0.000000000,0.707106781,-0.000000000
31.601000000,0.000000000,-0.000000000,-0.000000000,0.000000000,0.000000000,-0.000000000,0.000000000,0.000000000,0.000000000,0.000000000,0.000000000,0.000000000,0.460000000,0.000000000,0.715000000,0.707106781,-0.000000000,0.707106781,-0.000000000
31.651000000,0.000000000,-0.000000000,-0.000000000,0.000000000,0.000000000,-0.000000000,0.000000000,0.000000000,0.000000000,0.000000000,0.000000000,0.000000000,0.460000000,0.000000000,0.715000000,0.707106781,-0.000000000,0.707106781,-0.000000000
32.219000000,0.000000000,-0.000000000,-0.000000000,0.000000000,0.000000000,-0.000000000,0.000000000,0.000000000,0.000000000,0.000000000,0.000000000,0.000000000,0.460000000,0.000000000,0.715000000,0.707106781,-0.000000000,0.707106781,-0.000000000
32.321000000,0.000000000,-0.000000000,-0.000000000,0.000000000,0.000000000,-0.000000000,0.000000000,0.000000000,0.000000000,0.000000000,0.000000000,0.000000000,0.460000000,0.000000000,0.715000000,0.707106781,-0.000000000,0.707106781,-0.000000000
32.432000000,0.000000000,-0.000000000,-0.000000000,0.000000000,0.000000000,-0.000000000,0.000000000,0.000000000,0.000000000,0.000000000,0.000000000,0.000000000,0.460000000,0.000000000,0.715000000,0.707106781,-0.000000000,0.707106781,-0.000000000
32.491000000,0.000000000,-0.000000000,-0.000000000,0.000000000,0.000000000,-0.000000000,0.000000000,0.000000000,0.000000000,0.000000000,0.000000000,0.000000000,0.460000000,0.000000000,0.715000000,0.707106781,-0.000000000,0.707106781,-0.000000000
32.809000000,0.000000000,-0.000000000,-0.000000000,0.000000000,0.000000000,-0.000000000,0.000000000,0.000000000,0.000000000,0.000000000,0.000000000,0.000000000,0.460000000,0.000000000,0.715000000,0.707106781,-0.000000000,0.707106781,-0.000000000
33.381000000,0.000000000,-0.000000000,-0.000000000,0.000000000,0.000000000,-0.000000000,0.000000000,0.000000000,0.000000000,0.000000000,0.000000000,0.000000000,0.460000000,0.000000000,0.715000000,0.707106781,-0.000000000,0.707106781,-0.000000000
33.541000000,0.000000000,-0.000000000,-0.000000000,0.000000000,0.000000000,-0.000000000,0.000000000,0.000000000,0.000000000,0.000000000,0.000000000,0.000000000,0.460000000,0.000000000,0.715000000,0.707106781,-0.000000000,0.707106781,-0.000000000
33.811000000,0.000000000,-0.000000000,-0.000000000,0.000000000,0.000000000,-0.000000000,0.000000000,0.000000000,0.000000000,0.000000000,0.000000000,0.000000000,0.460000000,0.000000000,0.715000000,0.707106781,-0.000000000,0.707106781,-0.000000000
34.231000000,0.000000000,-0.000000000,-0.000000000,0.000000000,0.000000000,-0.000000000,0.000000000,0.000000000,0.000000000,0.000000000,0.000000000,0.000000000,0.460000000,0.000000000,0.715000000,0.707106781,-0.000000000,0.707106781,-0.000000000
34.290000000,0.000000000,-0.000000000,-0.000000000,0.000000000,0.000000000,-0.000000000,0.000000000,0.000000000,0.000000000,0.000000000,0.000000000,0.000000000,0.460000000,0.000000000,0.715000000,0.707106781,-0.000000000,0.707106781,-0.000000000
34.340000000,0.000000000,-0.000000000,-0.000000000,0.000000000,0.000000000,-0.000000000,0.000000000,0.000000000,0.000000000,0.000000000,0.000000000,0.000000000,0.460000000,0.000000000,0.715000000,0.707106781,-0.000000000,0.707106781,-0.000000000
34.391000000,0.000000000,-0.000000000,-0.000000000,0.000000000,0.000000000,-0.000000000,0.000000000,0.000000000,0.000000000,0.000000000,0.000000000,0.000000000,0.460000000,0.000000000,0.715000000,0.707106781,-0.000000000,0.707106781,-0.000000000
34.611000000,0.000000000,-0.000000000,-0.000000000,0.000000000,0.000000000,-0.000000000,0.000000000,0.000000000,0.000000000,0.000000000,0.000000000,0.000000000,0.460000000,0.000000000,0.715000000,0.707106781,-0.000000000,0.707106781,-0.000000000
34.881000000,0.000000000,-0.000000000,-0.000000000,0.000000000,0.000000000,-0.000000000,0.000000000,0.000000000,0.000000000,0.000000000,0.000000000,0.000000000,0.460000000,0.000000000,0.715000000,0.707106781,-0.000000000,0.707106781,-0.000000000
35.582000000,0.001568945,-0.000153158,0.000484088,0.003039588,-0.001685874,-0.002829049,0.041937616,-0.004093869,0.012939580,0.081247568,-0.045063104,-0.075619929,0.459920992,0.000721181,0.715132762,0.707477149,0.000627660,0.706735779,-0.000478206
35.920000000,0.080028579,-0.007812242,0.024692312,0.155042946,-0.085992873,-0.144303992,0.424053043,-0.041395232,0.130838960,0.821535826,-0.455656797,-0.764631510,0.454334455,0.035373126,0.721823294,0.724861642,0.028145511,0.688050674,-0.019227579
36.300000000,0.335111648,-0.032712959,0.103396542,0.649225533,-0.360086501,-0.604258001,0.810101390,-0.079080634,0.249952197,1.569457531,-0.870477200,-1.460734606,0.418642969,0.127745187,0.748493056,0.756077982,0.062363155,0.651090443,-0.023198200
37.095000000,0.639400721,-0.062417194,0.197283164,1.238738775,-0.687053859,-1.152936816,0.000029047,-0.000001574,0.000007275,0.000058450,-0.000026974,-0.000057563,0.350271507,0.200688214,0.800191836,0.707564362,-0.001530132,0.706646497,0.001029609
38.057000000,0.639400721,-0.062417194,0.197283164,1.238738775,-0.687053859,-1.152936816,0.000029047,-0.000001574,0.000007275,0.000058450,-0.000026974,-0.000057563,0.350271507,0.200688214,0.800191836,0.707564362,-0.001530132,0.706646497,0.001029609
38.480000000,0.639400721,-0.062417194,0.197283164,1.238738775,-0.687053859,-1.152936816,0.000029047,-0.000001574,0.000007275,0.000058450,-0.000026974,-0.000057563,0.350271507,0.200688214,0.800191836,0.707564362,-0.001530132,0.706646497,0.001029609
38.822000000,0.639400721,-0.062417194,0.197283164,1.238738775,-0.687053859,-1.152936816,0.000029047,-0.000001574,0.000007275,0.000058450,-0.000026974,-0.000057563,0.350271507,0.200688214,0.800191836,0.707564362,-0.001530132,0.706646497,0.001029609
39.037000000,0.639400721,-0.062417194,0.197283164,1.238738775,-0.687053859,-1.152936816,0.000029047,-0.000001574,0.000007275,0.000058450,-0.000026974,-0.000057563,0.350271507,0.200688214,0.800191836,0.707564362,-0.001530132,0.706646497,0.001029609
39.101000000,0.639400721,-0.062417194,0.197283164,1.238738775,-0.687053859,-1.152936816,0.000029047,-0.000001574,0.000007275,0.000058450,-0.000026974,-0.000057563,0.350271507,0.200688214,0.800191836,0.707564362,-0.001530132,0.706646497,0.001029609
39.159000000,0.639400721,-0.062417194,0.197283164,1.238738775,-0.687053859,-1.152936816,0.000029047,-0.000001574,0.000007275,0.000058450,-0.000026974,-0.000057563,0.350271507,0.200688214,0.800191836,0.707564362,-0.001530132,0.706646497,0.001029609
39.287000000,0.639400721,-0.062417194,0.197283164,1.238738775,-0.687053859,-1.152936816,0.000029047,-0.000001574,0.000007275,0.000058450,-0.000026974,-0.000057563,0.350271507,0.200688214,0.800191836,0.707564362,-0.001530132,0.706646497,0.001029609
39.395000000,0.639400721,-0.062417194,0.197283164,1.238738775,-0.687053859,-1.152936816,0.000029047,-0.000001574,0.000007275,0.000058450,-0.000026974,-0.000057563,0.350271507,0.200688214,0.800191836,0.707564362,-0.001530132,0.706646497,0.001029609
39.535000000,0.639400721,-0.062417194,0.197283164,1.238738775,-0.687053859,-1.152936816,0.000029047,-0.000001574,0.000007275,0.000058450,-0.000026974,-0.000057563,0.350271507,0.200688214,0.800191836,0.707564362,-0.001530132,0.706646497,0.001029609
39.675000000,0.639400721,-0.062417194,0.197283164,1.238738775,-0.687053859,-1.152936816,0.000029047,-0.000001574,0.000007275,0.000058450,-0.000026974,-0.000057563,0.350271507,0.200688214,0.800191836,0.707564362,-0.001530132,0.706646497,0.001029609
39.860000000,0.639400721,-0.062417194,0.197283164,1.238738775,-0.687053859,-1.152936816,0.000029047,-0.000001574,0.000007275,0.000058450,-0.000026974,-0.000057563,0.350271507,0.200688214,0.800191836,0.707564362,-0.001530132,0.706646497,0.001029609
39.980000000,0.639400721,-0.062417194,0.197283164,1.238738775,-0.687053859,-1.152936816,0.000029047,-0.000001574,0.000007275,0.000058450,-0.000026974,-0.000057563,0.350271507,0.200688214,0.800191836,0.707564362,-0.001530132,0.706646497,0.001029609
40.065000000,0.639400721,-0.062417194,0.197283164,1.238738775,-0.687053859,-1.152936816,0.000029047,-0.000001574,0.000007275,0.000058450,-0.000026974,-0.000057563,0.350271507,0.200688214,0.800191836,0.707564362,-0.001530132,0.706646497,0.001029609
40.482000000,0.639400721,-0.062417194,0.197283164,1.238738775,-0.687053859,-1.152936816,0.000029047,-0.000001574,0.000007275,0.000058450,-0.000026974,-0.000057563,0.350271507,0.200688214,0.800191836,0.707564362,-0.001530132,0.706646497,0.001029609
41.021000000,0.639400721,-0.062417194,0.197283164,1.238738775,-0.687053859,-1.152936816,0.000029047,-0.000001574,0.000007275,0.000058450,-0.000026974,-0.000057563,0.350271507,0.200688214,0.800191836,0.707564362,-0.001530132,0.706646497,0.001029609
41.190000000,0.639400721,-0.062417194,0.197283164,1.238738775,-0.687053859,-1.152936816,0.000029047,-0.000001574,0.000007275,0.000058450,-0.000026974,-0.000057563,0.350271507,0.200688214,0.800191836,0.707564362,-0.001530132,0.706646497,0.001029609
41.509000000,0.639400721,-0.062417194,0.197283164,1.238738775,-0.687053859,-1.152936816,0.000029047,-0.000001574,0.000007275,0.000058450,-0.000026974,-0.000057563,0.350271507,0.200688214,0.800191836,0.707564362,-0.001530132,0.706646497,0.001029609
41.562000000,0.639400721,-0.062417194,0.197283164,1.238738775,-0.687053859,-1.152936816,0.000029047,-0.000001574,0.000007275,0.000058450,-0.000026974,-0.000057563,0.350271507,0.200688214,0.800191836,0.707564362,-0.001530132,0.706646497,0.001029609
41.787000000,0.639400721,-0.062417194,0.197283164,1.238738775,-0.687053859,-1.152936816,0.000029047,-0.000001574,0.000007275,0.000058450,-0.000026974,-0.000057563,0.350271507,0.200688214,0.800191836,0.707564362,-0.001530132,0.706646497,0.001029609
42.280000000,0.639400721,-0.062417194,0.197283164,1.238738775,-0.687053859,-1.152936816,0.000029047,-0.000001574,0.000007275,0.000058450,-0.000026974,-0.000057563,0.350271507,0.200688214,0.800191836,0.707564362,-0.001530132,0.706646497,0.001029609
42.399000000,0.639400721,-0.062417194,0.197283164,1.238738775,-0.687053859,-1.152936816,0.000029047,-0.000001574,0.000007275,0.000058450,-0.000026974,-0.000057563,0.350271507,0.200688214,0.800191836,0.707564362,-0.001530132,0.706646497,0.001029609
42.500000000,0.639400721,-0.062417194,0.197283164,1.238738775,-0.687053859,-1.152936816,0.000029047,-0.000001574,0.000007275,0.000058450,-0.000026974,-0.000057563,0.350271507,0.200688214,0.800191836,0.707564362,-0.001530132,0.706646497,0.001029609
42.612000000,0.639400721,-0.062417194,0.197283164,1.238738775,-0.687053859,-1.152936816,0.000029047,-0.000001574,0.000007275,0.000058450,-0.000026974,-0.000057563,0.350271507,0.200688214,0.800191836,0.707564362,-0.001530132,0.706646497,0.001029609
43.090000000,0.639400721,-0.062417194,0.197283164,1.238738775,-0.687053859,-1.152936816,0.000029047,-0.000001574,0.000007275,0.000058450,-0.000026974,-0.000057563,0.350271507,0.200688214,0.800191836,0.707564362,-0.001530132,0.706646497,0.001029609
43.211000000,0.639400721,-0.062417194,0.197283164,1.238738775,-0.687053859,-1.152936816,0.000029047,-0.000001574,0.000007275,0.000058450,-0.000026974,-0.000057563,0.350271507,0.200688214,0.800191836,0.707564362,-0.001530132,0.706646497,0.001029609
43.497000000,0.639400721,-0.062417194,0.197283164,1.238738775,-0.687053859,-1.152936816,0.000029047,-0.000001574,0.000007275,0.000058450,-0.000026974,-0.000057563,0.350271507,0.200688214,0.800191836,0.707564362,-0.001530132,0.706646497,0.001029609
43.671000000,0.639400721,-0.062417194,0.197283164,1.238738775,-0.687053859,-1.152936816,0.000029047,-0.000001574,0.000007275,0.000058450,-0.000026974,-0.000057563,0.350271507,0.200688214,0.800191836,0.707564362,-0.001530132,0.706646497,0.001029609
43.726000000,0.639400721,-0.062417194,0.197283164,1.238738775,-0.687053859,-1.152936816,0.000029047,-0.000001574,0.000007275,0.000058450,-0.000026974,-0.000057563,0.350271507,0.200688214,0.800191836,0.707564362,-0.001530132,0.706646497,0.001029609
43.831000000,0.639400721,-0.062417194,0.197283164,1.238738775,-0.687053859,-1.152936816,0.000029047,-0.000001574,0.000007275,0.000058450,-0.000026974,-0.000057563,0.350271507,0.200688214,0.800191836,0.707564362,-0.001530132,0.706646497,0.001029609
43.991000000,0.639400721,-0.062417194,0.197283164,1.238738775,-0.687053859,-1.152936816,0.000029047,-0.000001574,0.000007275,0.000058450,-0.000026974,-0.000057563,0.350271507,0.200688214,0.800191836,0.707564362,-0.001530132,0.706646497,0.001029609
44.210000000,0.639400721,-0.062417194,0.197283164,1.238738775,-0.687053859,-1.152936816,0.000029047,-0.000001574,0.000007275,0.000058450,-0.000026974,-0.000057563,0.350271507,0.200688214,0.800191836,0.707564362,-0.001530132,0.706646497,0.001029609
44.261000000,0.639400721,-0.062417194,0.197283164,1.238738775,-0.687053859,-1.152936816,0.000029047,-0.000001574,0.000007275,0.000058450,-0.000026974,-0.000057563,0.350271507,0.200688214,0.800191836,0.707564362,-0.001530132,0.706646497,0.001029609
44.371000000,0.639400721,-0.062417194,0.197283164,1.238738775,-0.687053859,-1.152936816,0.000029047,-0.000001574,0.000007275,0.000058450,-0.000026974,-0.000057563,0.350271507,0.200688214,0.800191836,0.707564362,-0.001530132,0.706646497,0.001029609
44.490000000,0.639400721,-0.062417194,0.197283164,1.238738775,-0.687053859,-1.152936816,0.000029047,-0.000001574,0.000007275,0.000058450,-0.000026974,-0.000057563,0.350271507,0.200688214,0.800191836,0.707564362,-0.001530132,0.706646497,0.001029609
